ï»¿Min,X,N/A,N/A
AM-150BWF,X,N/A,N/A
AM-50BAE,V,"AM-50BAE, Top Hat Cuber Ice Machine, Air-cooled, Built in Storage Bin",https://www.hoshizakiamerica.com/product/AM-50BAE/
AM-50BAE-AD,V,"AM-50BAE-AD, Top Hat Cuber Ice Machine, Air-cooled, ADA Compliant Height",https://www.hoshizakiamerica.com/product/AM-50BAE-AD/
AM-50BAE-ADDS,V,"AM-50BAE-ADDS, Top Hat Cuber Ice Machine, Air-cooled, ADA compliant Height & Custom Cabinet Ready",https://www.hoshizakiamerica.com/product/AM-50BAE-ADDS/
AM-50BAE-DS,V,"AM-50BAE-DS, Top Hat Cuber Ice Machine, Air-cooled, Custom Cabinet Ready",https://www.hoshizakiamerica.com/product/AM-50BAE-DS/
C-100BAE-AD,X,N/A,N/A
C-100BAE-ADDS,X,N/A,N/A
C-100BAF,X,N/A,N/A
C-100BAF-AD,X,N/A,N/A
C-100BAF-ADDS,X,N/A,N/A
DCM-270BAH,V,"DCM-270BAH, Cubelet Ice and Water Dispenser, Air-cooled, Built in Storage Bin",https://www.hoshizakiamerica.com/product/DCM-270BAH/
DCM-270BAH-OS,V,"DCM-270BAH-OS, Cubelet Icemaker, Air-cooled, Hands Free Dispenser, Built in Storage Bin",https://www.hoshizakiamerica.com/product/DCM-270BAH-OS/
DCM-500BAH,V,"DCM-500BAH, Cubelet Icemaker, Air-cooled, Built in Storage Bin",https://www.hoshizakiamerica.com/product/DCM-500BAH/
DCM-500BAH-OS,V,"DCM-500BAH-OS, Cubelet Icemaker, Air-cooled, Hands Free Dispenser, Built in Storage Bin",https://www.hoshizakiamerica.com/product/DCM-500BAH-OS/
DCM-500BWH,V,"DCM-500BWH, Cubelet Icemaker, Water-cooled, Built in Storage Bin",https://www.hoshizakiamerica.com/product/DCM-500BWH/
DCM-500BWH-OS,V,"DCM-500BWH-OS, Cubelet Icemaker, Water-cooled, Hands Free Dispenser, Built in Storage Bin",https://www.hoshizakiamerica.com/product/DCM-500BWH-OS/
DCM-750BAH,X,N/A,N/A
DCM-750BAH-OS,X,N/A,N/A
DCM-750BWH,X,N/A,N/A
DCM-750BWH-OS,X,N/A,N/A
DKM-500BAH,V,"DKM-500BAH, Crescent Cuber Icemaker, Air-cooled, Built in Storage Bin",https://www.hoshizakiamerica.com/product/DKM-500BAH/
DKM-500BWH,V,"DKM-500BWH, Crescent Cuber Icemaker, Water-cooled, Built in Storage Bin",https://www.hoshizakiamerica.com/product/DKM-500BWH/
DT-400BAH-OS,X,N/A,N/A
F-1001M,V,"F-1001MAJ, Flaker Icemaker, Air-cooled",https://www.hoshizakiamerica.com/product/f-1001maj/
F-1001M-C,X,N/A,N/A
F-1001MLH,X,N/A,N/A
F-1500M-C,X,N/A,N/A
F-1550M,X,N/A,N/A
F-2000M,X,N/A,N/A
F-2000M3,X,N/A,N/A
F-2000MLH,X,N/A,N/A
F-300BAF,V,"F-300BAF, Flaker Icemaker, Air-cooled, Built in Storage Bin",https://www.hoshizakiamerica.com/product/F-300BAF/
F-330BAH,V,"F-330BAH, Flaker Icemaker, Air-cooled, Built in Storage Bin",https://www.hoshizakiamerica.com/product/F-330BAH/
F-330BAH-C,V,"F-330BAH-C, Cubelet Icemaker, Air-cooled, Built in Storage Bin",https://www.hoshizakiamerica.com/product/F-330BAH-C/
F-450M-C,X,N/A,N/A
F-500BAF,V,"F-500BAF, Flaker Icemaker, Air-cooled, Built in Storage Bin",https://www.hoshizakiamerica.com/product/F-500BAF/
F-801M,V,"F-801MAH, Flaker Icemaker, Air-cooled",https://www.hoshizakiamerica.com/product/f-801mah/
F-801M-C,X,N/A,N/A
FD-1001M_H-C,X,N/A,N/A
FS-1001MLH-C,V,"FS-1001MLH-C with SRC-10H, Cubelet Icemaker, Remote-cooled, Serenity Series",https://www.hoshizakiamerica.com/product/FS-1001MLH-C/
FS-1022MLH-C,V,"FS-1022MLH-C with SRC-10H, Cubelet Icemaker, Remote-cooled, Serenity Series",https://www.hoshizakiamerica.com/product/FS-1022MLH-C/
KM-101BAH,V,"KM-101BAH, Crescent Cuber Icemaker, Air-cooled, Built in Storage Bin",https://www.hoshizakiamerica.com/product/KM-101BAH/
KM-1200MA,X,N/A,N/A
KM-1200MR,X,N/A,N/A
KM-1200MW,X,N/A,N/A
KM-1200SA,X,N/A,N/A
KM-1200SR,X,N/A,N/A
KM-1200SW,X,N/A,N/A
KM-1300SAH,X,N/A,N/A
KM-1300SAH3,X,N/A,N/A
KM-1300SRH,X,N/A,N/A
KM-1300SRH3,X,N/A,N/A
KM-1300SWH,X,N/A,N/A
KM-1300SWH3,X,N/A,N/A
KM-1301SAH,V,"KM-1301SAH, Crescent Cuber Icemaker, Air-cooled",https://www.hoshizakiamerica.com/product/KM-1301SAH/
KM-1301SAH3,V,"KM-1301SAH3, Crescent Cuber Icemaker, Air-cooled, 3 Phase",https://www.hoshizakiamerica.com/product/KM-1301SAH3/
KM-1301SRH,V,"KM-1301SRH with URC-14F, Crescent Cuber Icemaker, Remote-cooled",https://www.hoshizakiamerica.com/product/KM-1301SRH/
KM-1301SRH3,V,"KM-1301SRH3 with URC-14F, Crescent Cuber Icemaker, Remote-cooled, 3 Phase",https://www.hoshizakiamerica.com/product/KM-1301SRH3/
KM-1301SWH,V,"KM-1301SWH, Crescent Cuber Icemaker, Water-cooled",https://www.hoshizakiamerica.com/product/KM-1301SWH/
KM-1301SWH3,V,"KM-1301SWH3, Crescent Cuber Icemaker, Water-cooled, 3 Phase",https://www.hoshizakiamerica.com/product/KM-1301SWH3/
KM-1340MAH,V,"KM-1340MAH, Crescent Cuber Icemaker, Air-cooled",https://www.hoshizakiamerica.com/product/KM-1340MAH/
KM-1340MRH,V,"KM-1340MRH with URC-14F, Crescent Cuber Icemaker, Remote-cooled",https://www.hoshizakiamerica.com/product/KM-1340MRH/
KM-1340MWH,V,"KM-1340MWH, Crescent Cuber Icemaker, Water-cooled",https://www.hoshizakiamerica.com/product/KM-1340MWH/
KM-150BAF,X,N/A,N/A
KM-151BAH,V,"KM-151BAH, Crescent Cuber Icemaker, Air-cooled, Built in Storage Bin",https://www.hoshizakiamerica.com/product/KM-151BAH/
KM-151BWH,V,"KM-151BWH, Crescent Cuber Icemaker, Water-cooled, Built in Storage Bin",https://www.hoshizakiamerica.com/product/KM-151BWH/
KM-1600MR,X,N/A,N/A
KM-1600SR,X,N/A,N/A
KM-1600SW,X,N/A,N/A
KM-1601MRH,V,"KM-1601MRH with URC-22F, Crescent Cuber Icemaker, Remote-cooled",https://www.hoshizakiamerica.com/product/KM-1601MRH/
KM-1601MRH3,V,"KM-1601MRH3 with URC-22F, Crescent Cuber Icemaker, Remote-cooled, 3 Phase",https://www.hoshizakiamerica.com/product/KM-1601MRH3/
KM-1601SRH,V,"KM-1601SRH with URC-22F, Crescent Cuber Icemaker, Remote-cooled",https://www.hoshizakiamerica.com/product/KM-1601SRH/
KM-1601SRH3,V,"KM-1601SRH3 with URC-22F, Crescent Cuber Icemaker, Remote-cooled, 3 Phase",https://www.hoshizakiamerica.com/product/KM-1601SRH3/
KM-1601SWH,V,"KM-1601SWH, Crescent Cuber Icemaker, Water-cooled",https://www.hoshizakiamerica.com/product/KM-1601SWH/
KM-1601SWH3,V,"KM-1601SWH3, Crescent Cuber Icemaker, Water-cooled, 3 Phase",https://www.hoshizakiamerica.com/product/KM-1601SWH3/
KM-1800SAH,X,N/A,N/A
KM-1800SAH3,X,N/A,N/A
KM-1800SRH,X,N/A,N/A
KM-1800SRH3,X,N/A,N/A
KM-1800SWH,X,N/A,N/A
KM-1800SWH3,X,N/A,N/A
KM-1900SAH,V,"KM-1900SAH, Crescent Cuber Icemaker, Air-cooled",https://www.hoshizakiamerica.com/product/KM-1900SAH/
KM-1900SAH3,V,"KM-1900SAH3, Crescent Cuber Icemaker, Air-cooled, 3 Phase",https://www.hoshizakiamerica.com/product/KM-1900SAH3/
KM-1900SRH,V,"KM-1900SRH with URC-22F, Crescent Cuber Icemaker, Remote-cooled",https://www.hoshizakiamerica.com/product/KM-1900SRH/
KM-1900SRH3,V,"KM-1900SRH3 with URC-22F, Crescent Cuber Icemaker, Remote-cooled, 3 Phase",https://www.hoshizakiamerica.com/product/KM-1900SRH3/
KM-1900SWH,V,"KM-1900SWH, Crescent Cuber Icemaker, Water-cooled",https://www.hoshizakiamerica.com/product/KM-1900SWH/
KM-1900SWH3,V,"KM-1900SWH3, Crescent Cuber Icemaker, Water-cooled, 3 Phase",https://www.hoshizakiamerica.com/product/KM-1900SWH3/
KM-2000SR,X,N/A,N/A
KM-2000SRH3,X,N/A,N/A
KM-2000SW,X,N/A,N/A
KM-2000SWH3,X,N/A,N/A
KM-201BAH,V,"KM-201BAH, Crescent Cuber Icemaker, Air-cooled, Built in Storage Bin",https://www.hoshizakiamerica.com/product/KM-201BAH/
KM-201BWH,V,"KM-201BWH, Crescent Cuber Icemaker, Water-cooled, Built in Storage Bin",https://www.hoshizakiamerica.com/product/KM-201BWH/
KM-2100SRH3,V,"KM-2100SRH3 with URC-22F, Crescent Cuber Icemaker, Remote-cooled, 3 Phase",https://www.hoshizakiamerica.com/product/KM-2100SRH3/
KM-2100SWH3,V,"KM-2100SWH3, Crescent Cuber Icemaker, Water-cooled, 3 Phase",https://www.hoshizakiamerica.com/product/KM-2100SWH3/
KM-2400SR,X,N/A,N/A
KM-2400SRH3,X,N/A,N/A
KM-2500SRH3,V,"KM-2500SRH3 with URC-23F, Crescent Cuber Icemaker, Remote-cooled, 3 Phase",https://www.hoshizakiamerica.com/product/KM-2500SRH3/
KM-2500SWH3,V,"KM-2500SWH3, Crescent Cuber Icemaker, Water-cooled, 3 Phase",https://www.hoshizakiamerica.com/product/KM-2500SWH3/
KM-250BA,X,N/A,N/A
KM-250BW,X,N/A,N/A
KM-250BWF,X,N/A,N/A
KM-250MA,X,N/A,N/A
KM-250MW,X,N/A,N/A
KM-255BAH,X,N/A,N/A
KM-260BAH,V,"KM-260BAH, Crescent Cuber Icemaker, Air-cooled, Built in Storage Bin",https://www.hoshizakiamerica.com/product/KM-260BAH/
KM-260BWH,V,"KM-260BWH, Crescent Cuber Icemaker, Water-cooled, Built in Storage Bin",https://www.hoshizakiamerica.com/product/KM-260BWH/
KM-280MA,X,N/A,N/A
KM-280MW,X,N/A,N/A
KM-320MAH,V,"KM-320MAH, Crescent Cuber Icemaker, Air-cooled",https://www.hoshizakiamerica.com/product/KM-320MAH/
KM-320MWH,V,"KM-320MWH, Crescent Cuber Icemaker, Water-cooled",https://www.hoshizakiamerica.com/product/KM-320MWH/
KM-461M A,X,N/A,N/A
KM-461M R,X,N/A,N/A
KM-461M W,X,N/A,N/A
KM-500MA,X,N/A,N/A
KM-500MR,X,N/A,N/A
KM-500MW,X,N/A,N/A
KM-515MAH,V,"KM-515MAH, Crescent Cuber Icemaker, Air-cooled",https://www.hoshizakiamerica.com/product/KM-515MAH/
KM-515MRH,V,"KM-515MRH with URC-5F, Crescent Cuber Icemaker, Remote-cooled",https://www.hoshizakiamerica.com/product/KM-515MRH/
KM-515MWH,V,"KM-515MWH, Crescent Cuber Icemaker, Water-cooled",https://www.hoshizakiamerica.com/product/KM-515MWH/
KM-600MAH,V,"KM-600MAH, Crescent Cuber Icemaker, Air-cooled",https://www.hoshizakiamerica.com/product/KM-600MAH/
KM-630MA,X,N/A,N/A
KM-630MR,X,N/A,N/A
KM-630MW,X,N/A,N/A
KM-650MAH,V,"KM-650MAH, Crescent Cuber Icemaker, Air-cooled",https://www.hoshizakiamerica.com/product/KM-650MAH/
KM-650MRH,V,"KM-650MRH with URC-5F, Crescent Cuber Icemaker, Remote-cooled",https://www.hoshizakiamerica.com/product/KM-650MRH/
KM-650MWH,V,"KM-650MWH, Crescent Cuber Icemaker, Water-cooled",https://www.hoshizakiamerica.com/product/KM-650MWH/
KM-800MA,X,N/A,N/A
KM-800MR,X,N/A,N/A
KM800MW,X,N/A,N/A
KM-901MAH,V,"KM-901MAH, Crescent Cuber Icemaker, Air-cooled",https://www.hoshizakiamerica.com/product/KM-901MAH/
KM-901MRH,V,"KM-901MRH with URC-9F, Crescent Cuber Icemaker, Remote-cooled",https://www.hoshizakiamerica.com/product/KM-901MRH/
KM-901MRH3,V,"KM-901MRH3 with URC-9F, Crescent Cuber Icemaker, Remote-cooled, 3 Phase",https://www.hoshizakiamerica.com/product/KM-901MRH3/
KM-901MWH,V,"KM-901MWH, Crescent Cuber Icemaker, Water-cooled",https://www.hoshizakiamerica.com/product/KM-901MWH/
KMD-300 A,X,N/A,N/A
KMD-300 W,X,N/A,N/A
KMD-410MAH,V,"KMD-410MAH, Crescent Cuber Icemaker, Air-cooled",https://www.hoshizakiamerica.com/product/KMD-410MAH/
KMD-410MWH,V,"KMD-410MWH, Crescent Cuber Icemaker, Water-cooled",https://www.hoshizakiamerica.com/product/KMD-410MWH/
KMD-450MAH,V,"KMD-450MAH, Crescent Cuber Icemaker, Air-cooled",https://www.hoshizakiamerica.com/product/KMD-450MAH/
KMD-450MWH,V,"KMD-450MWH, Crescent Cuber Icemaker, Water-cooled",https://www.hoshizakiamerica.com/product/KMD-450MWH/
KMD-700MAH,X,N/A,N/A
KMD-700MRH,X,N/A,N/A
KMD-700MWH,X,N/A,N/A
KMD-850MAH,V,"KMD-850MAH, Crescent Cuber Icemaker, Air-cooled",https://www.hoshizakiamerica.com/product/KMD-850MAH/
KMD-850MRH,V,"KMD-850MRH with URC-9F, Crescent Cuber Icemaker, Remote-cooled",https://www.hoshizakiamerica.com/product/KMD-850MRH/
KMD-850MWH,V,"KMD-850MWH, Crescent Cuber Icemaker, Water-cooled",https://www.hoshizakiamerica.com/product/KMD-850MWH/
KMD-901MAH,X,N/A,N/A
KMD-901MRH,V,"KMD-901MRH with URC-9F, Crescent Cuber Icemaker, Remote-cooled",https://www.hoshizakiamerica.com/product/KMD-901MRH/
KMD-901MWH,V,"KMD-901MWH, Crescent Cuber Icemaker, Water-cooled",https://www.hoshizakiamerica.com/product/KMD-901MWH/
KML-200MAE,X,N/A,N/A
KML-200MWE,X,N/A,N/A
KML-250MAH,V,"KML-250MAH, Crescent Cuber Icemaker, Air-cooled",https://www.hoshizakiamerica.com/product/KML-250MAH/
KML-250MWH,V,"KML-250MWH, Crescent Cuber Icemaker, Water-cooled",https://www.hoshizakiamerica.com/product/KML-250MWH/
KML-351MAH,V,"KML-351MAH, Crescent Cuber Icemaker, Air-cooled",https://www.hoshizakiamerica.com/product/KML-351MAH/
KML-351MWH,V,"KML-351MWH, Crescent Cuber Icemaker, Water-cooled",https://www.hoshizakiamerica.com/product/KML-351MWH/
KML-400MAE,X,N/A,N/A
KML-451MAH,V,"KML-451MAH, Crescent Cuber Icemaker, Air-cooled",https://www.hoshizakiamerica.com/product/KML-451MAH/
KML-451MWH,V,"KML-451MWH, Crescent Cuber Icemaker, Water-cooled",https://www.hoshizakiamerica.com/product/KML-451MWH/
KML-631MAH,V,"KML-631MAH, Crescent Cuber Icemaker, Air-cooled",https://www.hoshizakiamerica.com/product/KML-631MAH/
KML-631MRH,V,"KML-631MRH with URC-9F, Crescent Cuber Icemaker, Remote-cooled",https://www.hoshizakiamerica.com/product/KML-631MRH/
KML-631MWH,V,"KML-631MWH, Crescent Cuber Icemaker, Water-cooled",https://www.hoshizakiamerica.com/product/KML-631MWH/
KMS-1400MLH,X,N/A,N/A
KMS-1401MLH,X,N/A,N/A
KMS-1401MLH (with SRK-14H3),X,N/A,N/A
KMS-750,X,N/A,N/A
KMS-750MLH,X,N/A,N/A
